Stage,Orders,Conversion_Rate,Drop_Off_Pct
1. Placed,99992,100.0,
2. Approved,98747,98.75490039203136,-1.245099607968636
3. Invoiced,98443,98.4508760700856,-0.3078574538973311
4. Shipped,98125,98.13285062805024,-0.323029570411304
5. Delivered,97007,97.01476118089447,-1.1393630573248381
